{
  "dx_bias": 2.350014261586367e-46,
  "dy_bias": -1.5197211125489754e-289,
  "dpsi_bias_deg": -0.0016560122652180811,
  "saved_at": 1756068888
}