{
  "dx_bias": -1.864782943713927e-15,
  "dy_bias": -9.999852601031076e-13,
  "dpsi_bias_deg": 0.003766781735878808,
  "saved_at": 1756347541
}