{
  "dx_bias": 7.427391492569827e-10,
  "dy_bias": -6.8866547316266955e-09,
  "dpsi_bias_deg": -0.032256956115810365,
  "saved_at": 1758171219
}