{
  "dx_bias": 3.264492794738725e-10,
  "dy_bias": -6.381156548150206e-11,
  "dpsi_bias_deg": -0.0025641171982516905,
  "saved_at": 1757735465
}