{
  "dx_bias": 4.2299987195025406e-08,
  "dy_bias": -4.913527390232814e-08,
  "dpsi_bias_deg": -0.004901539570539837,
  "saved_at": 1758004931
}