{
  "dx_bias": 4.727872493644291e-28,
  "dy_bias": 3.478302962642004e-19,
  "dpsi_bias_deg": 0.0007879705065903083,
  "saved_at": 1758064743
}