{
  "dx_bias": -5.492556483408902e-19,
  "dy_bias": -5.613586154240709e-19,
  "dpsi_bias_deg": 0.002058363641410341,
  "saved_at": 1756004815
}