{
  "dx_bias": -1.4831232122030689e-08,
  "dy_bias": -8.651700301036051e-09,
  "dpsi_bias_deg": -0.0008535631825165572,
  "saved_at": 1758158712
}