{
  "dx_bias": -5.672850746636605e-10,
  "dy_bias": -4.312653809180431e-08,
  "dpsi_bias_deg": -0.0015724752670212138,
  "saved_at": 1757020626
}