{
  "dx_bias": 5.1429651996126656e-05,
  "dy_bias": -1.2881547257567937e-05,
  "dpsi_bias_deg": 0.00042171935505072946,
  "saved_at": 1756588888
}