{
  "dx_bias": -2.9329357234854945e-05,
  "dy_bias": 4.593058000789009e-05,
  "dpsi_bias_deg": -0.013631489810492555,
  "saved_at": 1755220741
}