{
  "dx_bias": 8.252526491949947e-09,
  "dy_bias": -4.4661911558892636e-09,
  "dpsi_bias_deg": 0.03053266383329693,
  "saved_at": 1756078857
}