{
  "dx_bias": -2.6308456059501684e-07,
  "dy_bias": 9.355250935785166e-11,
  "dpsi_bias_deg": -0.004153381885633757,
  "saved_at": 1758242144
}