{
  "dx_bias": 0.00012543378763340526,
  "dy_bias": -1.179779629023638e-05,
  "dpsi_bias_deg": 0.03573901618750104,
  "saved_at": 1757286719
}