{
  "dx_bias": -8.251489809168101e-07,
  "dy_bias": 1.0345526416408983e-07,
  "dpsi_bias_deg": -0.00010423944168096446,
  "saved_at": 1757457182
}