{
  "dx_bias": 4.846712934286357e-07,
  "dy_bias": 7.346216930395437e-09,
  "dpsi_bias_deg": 6.940116244546331e-06,
  "saved_at": 1755975195
}