{
  "dx_bias": 1.8335061436416405e-09,
  "dy_bias": 1.2737337820674063e-10,
  "dpsi_bias_deg": -0.0014051008397667313,
  "saved_at": 1758077165
}