{
  "dx_bias": 7.013731563786063e-10,
  "dy_bias": -2.993869101129151e-09,
  "dpsi_bias_deg": -0.020033655499780666,
  "saved_at": 1756262699
}