{
  "dx_bias": 4.192436423260624e-29,
  "dy_bias": 3.6695691663308113e-29,
  "dpsi_bias_deg": -0.12279509112483779,
  "saved_at": 1758136782
}