{
  "dx_bias": -5.666331953463235e-06,
  "dy_bias": 5.186614815316666e-05,
  "dpsi_bias_deg": 0.006069277622309662,
  "saved_at": 1756682376
}