{
  "dx_bias": -1.1929084299365558e-07,
  "dy_bias": 8.40074911455096e-06,
  "dpsi_bias_deg": -0.003507429657449153,
  "saved_at": 1757556371
}