{
  "dx_bias": -3.1805367477489865e-10,
  "dy_bias": 1.4840243031614098e-10,
  "dpsi_bias_deg": 0.0018622512360958118,
  "saved_at": 1757732535
}