{
  "dx_bias": -7.717041351085786e-06,
  "dy_bias": -2.0343551635236354e-06,
  "dpsi_bias_deg": -0.03245366873611533,
  "saved_at": 1755213671
}