{
  "dx_bias": -1.6141814258325262e-05,
  "dy_bias": 1.9597223939878528e-05,
  "dpsi_bias_deg": -0.01592964995107156,
  "saved_at": 1756583882
}