{
  "dx_bias": 8.447064418207112e-07,
  "dy_bias": -2.873089458558448e-06,
  "dpsi_bias_deg": -0.00349403775079582,
  "saved_at": 1757550633
}