{
  "dx_bias": 2.0035632653559675e-06,
  "dy_bias": 7.034483373669746e-07,
  "dpsi_bias_deg": -0.0006748406575436988,
  "saved_at": 1757459891
}