{
  "dx_bias": -1.972125167586303e-07,
  "dy_bias": -1.8167372035257375e-08,
  "dpsi_bias_deg": 0.017962082011700575,
  "saved_at": 1757898981
}