{
  "dx_bias": 7.469311634846508e-10,
  "dy_bias": -6.39731363446535e-10,
  "dpsi_bias_deg": 0.0061506709908367325,
  "saved_at": 1756953143
}