{
  "dx_bias": 5.985397305839253e-37,
  "dy_bias": -2.521999691883232e-16,
  "dpsi_bias_deg": -0.02270077618313726,
  "saved_at": 1755836431
}