{
  "dx_bias": -8.960891545212221e-46,
  "dy_bias": 9.693545698531832e-13,
  "dpsi_bias_deg": 9.745770703116461e-05,
  "saved_at": 1755971302
}